{"has_child":1,"home_url":"https:\/\/oxygen-qrgaxbb45g3yl.oxygen-demo.qsandbox.org","root_flag":"custom","php_version":"8.0.25","mysql_version":"10.6.16","wp_version":"6.5.3","child_file":{"oxygen-qrgaxbb45g3yl.oxygen-demo.qsandbox.org_wpvivid-665ed09bac568_2024-06-04-08-30_backup_db.zip":{"files":["oxygen-qrgaxbb45g3yl.oxygen-demo.qsandbox.org_wpvivid-665ed09bac568_2024-06-04-08-30_backup_db.sql"],"tables":[{"name":"wp_wpforms_logs","size":16384,"rows":"0"},{"name":"wp_wpforms_tasks_meta","size":16384,"rows":"2"},{"name":"wp_actionscheduler_claims","size":32768,"rows":"0"},{"name":"wp_actionscheduler_groups","size":32768,"rows":"2"},{"name":"wp_e_events","size":32768,"rows":"0"},{"name":"wp_links","size":32768,"rows":"0"},{"name":"wp_term_relationships","size":32768,"rows":"20"},{"name":"wp_actionscheduler_logs","size":49152,"rows":"35"},{"name":"wp_commentmeta","size":49152,"rows":"0"},{"name":"wp_term_taxonomy","size":49152,"rows":"5"},{"name":"wp_termmeta","size":49152,"rows":"3"},{"name":"wp_terms","size":49152,"rows":"5"},{"name":"wp_usermeta","size":49152,"rows":"42"},{"name":"wp_users","size":65536,"rows":"2"},{"name":"wp_wpforms_payment_meta","size":65536,"rows":"0"},{"name":"wp_comments","size":98304,"rows":"0"},{"name":"wp_actionscheduler_actions","size":131072,"rows":"13"},{"name":"wp_wpforms_payments","size":163840,"rows":"0"},{"name":"wp_simply_static_pages","size":557056,"rows":"742"},{"name":"wp_posts","size":6602752,"rows":"334"},{"name":"wp_options","size":6864896,"rows":"413"},{"name":"wp_postmeta","size":16187392,"rows":"3179"}],"dump_db":1,"file_type":"databases","home_url":"https:\/\/oxygen-qrgaxbb45g3yl.oxygen-demo.qsandbox.org","root_flag":"custom","php_version":"8.0.25","mysql_version":"10.6.16","wp_version":"6.5.3","find_zero_date":1,"file":"oxygen-qrgaxbb45g3yl.oxygen-demo.qsandbox.org_wpvivid-665ed09bac568_2024-06-04-08-30_backup_db.part001.zip"},"oxygen-qrgaxbb45g3yl.oxygen-demo.qsandbox.org_wpvivid-665ed09bac568_2024-06-04-08-30_backup_themes.zip":{"file_type":"themes","root_flag":"wp-content","php_version":"8.0.25","mysql_version":"10.6.16","wp_version":"6.5.3","themes":{"astra":{"slug":"astra"},"twentytwentyfour":{"slug":"twentytwentyfour"},"twentytwentyone":{"slug":"twentytwentyone"},"twentytwentythree":{"slug":"twentytwentythree"},"twentytwentytwo":{"slug":"twentytwentytwo"}},"file":"oxygen-qrgaxbb45g3yl.oxygen-demo.qsandbox.org_wpvivid-665ed09bac568_2024-06-04-08-30_backup_themes.part001.zip"},"oxygen-qrgaxbb45g3yl.oxygen-demo.qsandbox.org_wpvivid-665ed09bac568_2024-06-04-08-30_backup_plugin.zip":{"file_type":"plugin","root_flag":"wp-content","php_version":"8.0.25","mysql_version":"10.6.16","wp_version":"6.5.3","plugin":{"duplicate-page":{"slug":"duplicate-page"},"elementor":{"slug":"elementor"},"simply-static":{"slug":"simply-static"},"ultimate-addons-for-gutenberg":{"slug":"ultimate-addons-for-gutenberg"},"astra-sites":{"slug":"astra-sites"},"wordpress-importer":{"slug":"wordpress-importer"},"wpforms-lite":{"slug":"wpforms-lite"}},"file":"oxygen-qrgaxbb45g3yl.oxygen-demo.qsandbox.org_wpvivid-665ed09bac568_2024-06-04-08-30_backup_plugin.part001.zip"},"oxygen-qrgaxbb45g3yl.oxygen-demo.qsandbox.org_wpvivid-665ed09bac568_2024-06-04-08-30_backup_uploads.zip":{"file_type":"upload","root_flag":"wp-content","php_version":"8.0.25","mysql_version":"10.6.16","wp_version":"6.5.3","file":"oxygen-qrgaxbb45g3yl.oxygen-demo.qsandbox.org_wpvivid-665ed09bac568_2024-06-04-08-30_backup_uploads.part001.zip"},"oxygen-qrgaxbb45g3yl.oxygen-demo.qsandbox.org_wpvivid-665ed09bac568_2024-06-04-08-30_backup_content.zip":{"file_type":"wp-content","root_flag":"wp-content","php_version":"8.0.25","mysql_version":"10.6.16","wp_version":"6.5.3","file":"oxygen-qrgaxbb45g3yl.oxygen-demo.qsandbox.org_wpvivid-665ed09bac568_2024-06-04-08-30_backup_content.part001.zip"},"oxygen-qrgaxbb45g3yl.oxygen-demo.qsandbox.org_wpvivid-665ed09bac568_2024-06-04-08-30_backup_core.zip":{"file_type":"wp-core","include_path":["wp-includes","wp-admin"],"wp_core":1,"root_flag":"root","home_url":"https:\/\/oxygen-qrgaxbb45g3yl.oxygen-demo.qsandbox.org","file":"oxygen-qrgaxbb45g3yl.oxygen-demo.qsandbox.org_wpvivid-665ed09bac568_2024-06-04-08-30_backup_core.part001.zip"}},"file":"oxygen-qrgaxbb45g3yl.oxygen-demo.qsandbox.org_wpvivid-665ed09bac568_2024-06-04-08-30_backup_all.part001.zip"}